<?xml version="1.0" encoding="UTF-8"?><_ROOT_ EMVERSION="14.1" ORIENTATION="HORIZONTAL">
<Workspace>
<NODES>
<NODE CLASS="SASHELP.EMCORE.EXTENSION.CLASS" COMPONENT="FileImport" ID="FIMPORT" X="12" Y="690" DESCRIPTION="File Import" DIAGRAMID="_ROOT_" PARENTID="" TOOLTYPE="SAMPLE" TOOLPREFIX="FIMPORT">
<PROPERTIES Location="CATALOG" Catalog="SASHELP.EMSAMP.Fimport.SOURCE" ImportType="Local" GuessRows="500" Delimiter="," NameRow="Y" SkipRows="0" MaxRows="1000000" MaxCols="10000" FileType="csv" Role="TRAIN" ForceRun="N" Summarize="N" AdvancedAdvisor="N" RunAction="Train" Component="FileImport" IFileName="C:\Users\AutoLogon\Desktop\Roshan Seneca\SEM 2\ROSHAN SEM 2\BAN 210\Final Project\Auto MPG Data Set.csv" AccessTable="NoTableName" UserID="NoUserID" Password="NoPassword">
<VariableProperties/>
<EmVariableAttributes>
<DELTA Variable="mpg" AttributeName="ROLE" AttributeValue="TARGET"/>
</EmVariableAttributes>
<EmTargetAttributes/>
<EmFileProperties>
<USERTRAINCODE Type="EXTERNAL" Extension="sas">
<Data/>
</USERTRAINCODE>
<VARIABLESETDELTA Type="EXTERNAL" Extension="txt">
<Data><![CDATA[
if NAME=&quot;mpg&quot; then do;
ROLE=&quot;TARGET&quot;;
LEVEL=&quot;INTERVAL&quot;;
ORDER=&quot;&quot;;
DROP=&quot;N&quot;;
end;
]]>
</Data>
</VARIABLESETDELTA>
<DELTACODE Type="EXTERNAL" Extension="txt">
<Data><![CDATA[
if NAME=&quot;mpg&quot; then do;
ROLE=&quot;TARGET&quot;;
LEVEL=&quot;INTERVAL&quot;;
ORDER=&quot;&quot;;
end;
drop DROP;
]]>
</Data>
</DELTACODE>
<EMNOTES Type="EXTERNAL" Extension="txt">
<Data/>
</EMNOTES>
</EmFileProperties>
</PROPERTIES>
</NODE>
<NODE CLASS="SASHELP.EMCORE.EXTENSION.CLASS" COMPONENT="GraphExplore" ID="GrfExpl" X="171" Y="778" DESCRIPTION="Graph Explore" DIAGRAMID="_ROOT_" PARENTID="" TOOLTYPE="EXPLORE" TOOLPREFIX="GrfExpl">
<PROPERTIES Location="CATALOG" Catalog="SASHELP.EMEXPL.GRAPHEXPLORE.SOURCE" EmSampleMethod="FIRSTN" EmSampleSize="DEFAULT" EmRandomSeed="12345" Target="Y" GroupByTarget="Y" ForceRun="N" RunAction="Train" Component="GraphExplore" DataSource="SAMPLE" DataNeeded="Y">
<VariableProperties/>
<EmVariableAttributes/>
<EmTargetAttributes/>
<EmFileProperties>
<USERTRAINCODE Type="EXTERNAL" Extension="sas">
<Data/>
</USERTRAINCODE>
<EMNOTES Type="EXTERNAL" Extension="txt">
<Data/>
</EMNOTES>
</EmFileProperties>
</PROPERTIES>
</NODE>
<NODE CLASS="SASHELP.EMMDFY.EMIMPUTE.CLASS" COMPONENT="Impute" ID="Impt" X="518" Y="703" DESCRIPTION="Impute" DIAGRAMID="_ROOT_" PARENTID="" TOOLTYPE="MODIFY" TOOLPREFIX="Impt">
<PROPERTIES MethodInterval="TREESURR" MethodClass="TREESURR" MethodTargetInterval="NONE" MethodTargetClass="NONE" ABWTuning="9" AHUBERTuning="1.5" AWAVETuning="6.2831853072" SpacingProportion="90" DefaultChar="" DefaultNum="." RandomSeed="12345" Normalize="Y" ImputeNoMissing="N" MaxPctMissing="50" ValidateTestMissing="N" DistributionMissing="N" LeafSize="5" Maxbranch="2" Maxdepth="6" MinCatSize="5" Nrules="5" Nsurrs="2" Splitsize="." Indicator="NONE" IndicatorRole="REJECTED" ReplaceVariable="N" HideVariable="Y" IndicatorSource="IMPUTED" ForceRun="N" RunAction="Train" Component="Impute">
<VariableProperties/>
<EmVariableAttributes/>
<EmTargetAttributes/>
<EmFileProperties>
<EMNOTES Type="EXTERNAL" Extension="txt">
<Data/>
</EMNOTES>
</EmFileProperties>
</PROPERTIES>
</NODE>
<NODE CLASS="SASHELP.EMASSMT.ASSESS.CLASS" COMPONENT="ModelCompare" ID="MdlComp" X="1071" Y="646" DESCRIPTION="Model Comparison" DIAGRAMID="_ROOT_" PARENTID="" TOOLTYPE="ASSESS" TOOLPREFIX="MdlComp">
<PROPERTIES NumberOfReportedLevels="1E-6" NormalizeReportingVariables="Y" DecileBin="20" LiftEpsilon="1E-6" ProfitEpsilon="1E-6" RoiEpsilon="1E-6" ScoreDistBin="20" RocChart="Y" RocEpsilon="0.01" AssessAllTargetLevels="N" SelectionData="DEFAULT" HPCriteria="DEFAULT" SelectionTable="TRAIN" SelectionCriteria="DEFAULT" SelectionDepth="10" NumberofBins="20" RecomputeAssess="N" TargetName="mpg" ModelId="Reg" ModelDescription="Regression" ModelCriteria="Valid: Average Squared Error" ForceRun="N" RunAction="Train" Component="ModelCompare" StatisticUsed="_VASE_" TargetLabel="">
<VariableProperties/>
<EmVariableAttributes/>
<EmTargetAttributes/>
<EmFileProperties>
<EMNOTES Type="EXTERNAL" Extension="txt">
<Data/>
</EMNOTES>
</EmFileProperties>
</PROPERTIES>
</NODE>
<NODE CLASS="SASHELP.EMMODL.NEURAL.CLASS" COMPONENT="NeuralNetwork" ID="Neural" X="875" Y="733" DESCRIPTION="Neural Network" DIAGRAMID="_ROOT_" PARENTID="" TOOLTYPE="MODEL" TOOLPREFIX="Neural">
<PROPERTIES UseEstimates="N" NetworkArchitecture="MLP" DirectConnection="Y" Hidden="5" Prelim="Y" PreliminaryRuns="5" PrelimMaxiter="10" PrelimMaxTime="1 HOUR" Maxiter="50" Maxtime="4 HOURS" TrainingTechnique="DEFAULT" ConvDefaults="Y" AbsConvValue="-1.34078E154" AbsFValue="0" AbsFTime="1" AbsGValue="0.00001" AbsGTime="1" AbsXValue="1E-8" AbsXTime="1" FConvValue="0" FConvTime="1" GConvValue="1E-6" GConvTime="1" ModelSelectionCriterion="PROFIT/LOSS" SuppressOutput="N" Residuals="Y" Standardizations="N" HiddenUnits="N" TrainCode="" PrelimOutest="" Outest="" Outfit="" InitialDs="" CodefileRes="" CodefileNoRes="" AddHidden="Y" HiddenCombFunction="DEFAULT" HiddenActivation="DEFAULT" HiddenBias="Y" TargetCombFunction="DEFAULT" TargetActivation="DEFAULT" TargetError="DEFAULT" TargetBias="Y" InitialSeed="12345" RandDist="NORMAL" RandScale="0.1" RandLoc="0" InputStandardization="STD" WeightDecay="0" Accelerate="1.2" Decelerate="0.5" Learn="0.1" MaxLearn="50" MinLearn="0.00001" Momentum="0" MaxMomentum="1.75" Tilt="0" ForceRun="N" RunAction="Train" Component="NeuralNetwork">
<VariableProperties/>
<EmVariableAttributes/>
<EmTargetAttributes>
<mpg>
<DecData Table="EMWS2.Neural_mpg_DD">
<Data>
<Obs MPG="10"/>
<Obs MPG="46.6"/>
<Obs MPG="23.523899371"/>
</Data>
<Metadata>
<Variable NAME="mpg" LABEL="" LENGTH="8" FORMAT="" TYPE="N"/>
</Metadata>
</DecData>
<DecMeta Table="EMWS2.Neural_mpg_DM">
<Data>
<Obs _TYPE_="MATRIX" VARIABLE="" LABEL="" FORMAT="" LEVEL="PROFIT" TYPE="" COST="" USE="N" MIN="." MEAN="." MAX="."/>
<Obs _TYPE_="TARGET" VARIABLE="mpg" LABEL="" FORMAT="BEST12.0" LEVEL="INTERVAL" TYPE="N" COST="" USE="" MIN="10" MEAN="23.523899371" MAX="46.6"/>
<Obs _TYPE_="PREDICTED" VARIABLE="P_mpg" LABEL="Predicted: mpg" FORMAT="" LEVEL="" TYPE="N" COST="" USE="" MIN="." MEAN="." MAX="."/>
<Obs _TYPE_="RESIDUAL" VARIABLE="R_mpg" LABEL="Residual: mpg" FORMAT="" LEVEL="" TYPE="N" COST="" USE="" MIN="." MEAN="." MAX="."/>
</Data>
<Metadata>
<Variable NAME="_TYPE_" LABEL="Type" LENGTH="32" FORMAT="" TYPE="C"/>
<Variable NAME="VARIABLE" LABEL="Variable" LENGTH="32" FORMAT="" TYPE="C"/>
<Variable NAME="LABEL" LABEL="Label" LENGTH="256" FORMAT="" TYPE="C"/>
<Variable NAME="FORMAT" LABEL="Format" LENGTH="32" FORMAT="" TYPE="C"/>
<Variable NAME="LEVEL" LABEL="Measurement Level" LENGTH="32" FORMAT="" TYPE="C"/>
<Variable NAME="TYPE" LABEL="Type" LENGTH="1" FORMAT="" TYPE="C"/>
<Variable NAME="COST" LABEL="Cost" LENGTH="32" FORMAT="" TYPE="C"/>
<Variable NAME="USE" LABEL="Use" LENGTH="1" FORMAT="" TYPE="C"/>
<Variable NAME="MIN" LABEL="Minimum" LENGTH="8" FORMAT="" TYPE="N"/>
<Variable NAME="MEAN" LABEL="Mean" LENGTH="8" FORMAT="" TYPE="N"/>
<Variable NAME="MAX" LABEL="Maximum" LENGTH="8" FORMAT="" TYPE="N"/>
</Metadata>
</DecMeta>
</mpg>
</EmTargetAttributes>
<EmFileProperties>
<EMNOTES Type="EXTERNAL" Extension="txt">
<Data/>
</EMNOTES>
</EmFileProperties>
</PROPERTIES>
</NODE>
<NODE CLASS="SASHELP.EMSAMP.EMDPART.CLASS" COMPONENT="Partition" ID="Part" X="179" Y="683" DESCRIPTION="Data Partition" DIAGRAMID="_ROOT_" PARENTID="" TOOLTYPE="SAMPLE" TOOLPREFIX="Part">
<PROPERTIES Method="DEFAULT" TrainPct="80" ValidatePct="20" TestPct="0" RandomSeed="12345" OutputType="DATA" IntervalDistribution="Y" ClassDistribution="Y" ForceRun="N" RunAction="Train" Component="Partition">
<VariableProperties/>
<EmVariableAttributes/>
<EmTargetAttributes/>
<EmFileProperties>
<EMNOTES Type="EXTERNAL" Extension="txt">
<Data/>
</EMNOTES>
</EmFileProperties>
</PROPERTIES>
</NODE>
<NODE CLASS="SASHELP.EMMODL.REGRESSION.CLASS" COMPONENT="Regression" ID="Reg" X="704" Y="642" DESCRIPTION="Regression" DIAGRAMID="_ROOT_" PARENTID="" TOOLTYPE="MODEL" TOOLPREFIX="Reg">
<PROPERTIES MainEffect="Y" TwoFactor="N" Polynomial="Y" PolynomialDegree="2" Terms="N" Error="NORMAL" LinkFunction="LOGIT" SuppressIntercept="N" InputCoding="DEVIATION" MinResourceUse="N" ModelSelection="STEPWISE" SelectionCriterion="VERROR" SelectionDefault="N" Sequential="N" SlEntry="1" SlStay="0.5" Start="0" Stop="0" Force="0" Hierarchy="CLASS" Rule="NONE" MaxStep="30" StepOutput="N" OptimizationTechnique="DEFAULT" ModelDefaults="Y" MaxIterations="." MaxFunctionCalls="." MaxCPUTime="1 HOUR" ConvDefaults="Y" AbsConvValue="-1.34078E154" AbsFValue="0" AbsFTime="1" AbsGValue="0.00001" AbsGTime="1" AbsXValue="1E-8" AbsXTime="1" FConvValue="0" FConvTimes="1" GConvValue="1E-6" GConvTimes="1" ClParm="N" Covout="N" CovB="N" CorB="N" Simple="N" SuppressOutput="N" Details="N" PrintDesignMatrix="N" SASSPDS="N" Performance="N" ExcludedVariable="REJECT" ForceRun="N" RunAction="Train" Component="Regression" Interactions="">
<VariableProperties/>
<EmVariableAttributes/>
<EmTargetAttributes>
<mpg>
<DecData Table="EMWS2.Reg_mpg_DD">
<Data>
<Obs MPG="10"/>
<Obs MPG="46.6"/>
<Obs MPG="23.523899371"/>
</Data>
<Metadata>
<Variable NAME="mpg" LABEL="" LENGTH="8" FORMAT="" TYPE="N"/>
</Metadata>
</DecData>
<DecMeta Table="EMWS2.Reg_mpg_DM">
<Data>
<Obs _TYPE_="MATRIX" VARIABLE="" LABEL="" FORMAT="" LEVEL="PROFIT" TYPE="" COST="" USE="N" MIN="." MEAN="." MAX="."/>
<Obs _TYPE_="TARGET" VARIABLE="mpg" LABEL="" FORMAT="BEST12.0" LEVEL="INTERVAL" TYPE="N" COST="" USE="" MIN="10" MEAN="23.523899371" MAX="46.6"/>
<Obs _TYPE_="PREDICTED" VARIABLE="P_mpg" LABEL="Predicted: mpg" FORMAT="" LEVEL="" TYPE="N" COST="" USE="" MIN="." MEAN="." MAX="."/>
<Obs _TYPE_="RESIDUAL" VARIABLE="R_mpg" LABEL="Residual: mpg" FORMAT="" LEVEL="" TYPE="N" COST="" USE="" MIN="." MEAN="." MAX="."/>
</Data>
<Metadata>
<Variable NAME="_TYPE_" LABEL="Type" LENGTH="32" FORMAT="" TYPE="C"/>
<Variable NAME="VARIABLE" LABEL="Variable" LENGTH="32" FORMAT="" TYPE="C"/>
<Variable NAME="LABEL" LABEL="Label" LENGTH="256" FORMAT="" TYPE="C"/>
<Variable NAME="FORMAT" LABEL="Format" LENGTH="32" FORMAT="" TYPE="C"/>
<Variable NAME="LEVEL" LABEL="Measurement Level" LENGTH="32" FORMAT="" TYPE="C"/>
<Variable NAME="TYPE" LABEL="Type" LENGTH="1" FORMAT="" TYPE="C"/>
<Variable NAME="COST" LABEL="Cost" LENGTH="32" FORMAT="" TYPE="C"/>
<Variable NAME="USE" LABEL="Use" LENGTH="1" FORMAT="" TYPE="C"/>
<Variable NAME="MIN" LABEL="Minimum" LENGTH="8" FORMAT="" TYPE="N"/>
<Variable NAME="MEAN" LABEL="Mean" LENGTH="8" FORMAT="" TYPE="N"/>
<Variable NAME="MAX" LABEL="Maximum" LENGTH="8" FORMAT="" TYPE="N"/>
</Metadata>
</DecMeta>
</mpg>
</EmTargetAttributes>
<EmFileProperties>
<EMNOTES Type="EXTERNAL" Extension="txt">
<Data/>
</EMNOTES>
</EmFileProperties>
</PROPERTIES>
</NODE>
<NODE CLASS="SASHELP.EMEXPL.STATEXPLORE.CLASS" COMPONENT="StatExplore" ID="Stat" X="181" Y="571" DESCRIPTION="StatExplore" DIAGRAMID="_ROOT_" PARENTID="" TOOLTYPE="EXPLORE" TOOLPREFIX="Stat">
<PROPERTIES BySegment="N" Correlation="Y" Spearman="N" Pearson="Y" ChiSquare="Y" ChiSquareInterval="N" ChiSquareIntervalNBins="5" MaximumVars="1000" HideVariable="Y" DropRejected="Y" UseValidate="N" UseTest="N" UseScore="N" NObs="100000" IntervalDistribution="Y" ClassDistribution="Y" LevelSummary="Y" ForceRun="N" RunAction="Train" Component="StatExplore">
<VariableProperties/>
<EmVariableAttributes/>
<EmTargetAttributes/>
<EmFileProperties>
<CROSSTAB Type="DATA">
<Data/>
<Metadata/>
</CROSSTAB>
<EMNOTES Type="EXTERNAL" Extension="txt">
<Data/>
</EMNOTES>
</EmFileProperties>
</PROPERTIES>
</NODE>
<NODE CLASS="SASHELP.EMMDFY.EMTRANS.CLASS" COMPONENT="Transform" ID="Trans" X="336" Y="689" DESCRIPTION="Transform Variables" DIAGRAMID="_ROOT_" PARENTID="" TOOLTYPE="MODIFY" TOOLPREFIX="Trans">
<PROPERTIES DefaultMethod="NONE" DefaultTargetMethod="NONE" DefaultClassMethod="NONE" DefaultClassTargetMethod="NONE" Offset="1" MinOffset="Y" HideVariable="Y" RejectVariable="Y" GroupCutoff="0.1" GroupMissing="N" EmRandomSeed="12345" EmSampleSize="DEFAULT" EmSampleMethod="FIRSTN" MissingValue="USEINSEARCH" SummaryVariables="TRANSFORMED" SummaryStatistics="Y" UseMetaTransform="Y" MissingAsLevel="N" NumberofBins="VARIABLES" MaxOptimalBins="4" ForceRun="N" RunAction="Train" Component="Transform">
<VariableProperties/>
<EmVariableAttributes>
<DELTA Variable="cylinders" AttributeName="METHOD" AttributeValue="MAX_NORM"/>
<DELTA Variable="displacement" AttributeName="METHOD" AttributeValue="MAX_NORM"/>
<DELTA Variable="model" AttributeName="METHOD" AttributeValue="MAX_NORM"/>
<DELTA Variable="origin" AttributeName="METHOD" AttributeValue="MAX_NORM"/>
<DELTA Variable="weight" AttributeName="METHOD" AttributeValue="MAX_NORM"/>
</EmVariableAttributes>
<EmTargetAttributes/>
<EmFileProperties>
<INTERACTION Type="DATA">
<Data/>
<Metadata/>
</INTERACTION>
<FORMULA Type="DATA">
<Data/>
<Metadata/>
</FORMULA>
<EMNOTES Type="EXTERNAL" Extension="txt">
<Data/>
</EMNOTES>
</EmFileProperties>
</PROPERTIES>
</NODE>
<NODE CLASS="SASHELP.EMEXPL.VARSELECTION.CLASS" COMPONENT="VariableSelection" ID="Varsel" X="681" Y="730" DESCRIPTION="Variable Selection" DIAGRAMID="_ROOT_" PARENTID="" TOOLTYPE="EXPLORE" TOOLPREFIX="Varsel">
<PROPERTIES TargetModel="DEFAULT" HideRejectedVars="Y" MaxMissingPercent="50" MaxLevel="100" RejectUnusedInputVars="Y" ByPassVars="NONE" ByPassVarsRole="INPUT" HideUnusedInputVars="Y" UseAov16="N" UseInteractions="N" UseGroups="Y" MinR2="0.005" StopR2="0.0005" MaxRows="3000" Passes="6" ChiSquare="3.84" Bins="50" SASSPDS="Y" PrintOption="DEFAULT" ForceRun="N" RunAction="Train" Component="VariableSelection" VarselLabel="VARSELLABEL" RoleUnusedVars="DEFAULT">
<VariableProperties/>
<ManualSelectionVariables/>
<NameMappings/>
<EmVariableAttributes/>
<EmTargetAttributes/>
<EmFileProperties>
<EMNOTES Type="EXTERNAL" Extension="txt">
<Data/>
</EMNOTES>
</EmFileProperties>
</PROPERTIES>
</NODE>
</NODES>
<CONNECTIONS>
<CONNECTION FROM="Part" TO="Trans"/>
<CONNECTION FROM="Trans" TO="Reg"/>
<CONNECTION FROM="Varsel" TO="Neural"/>
<CONNECTION FROM="Neural" TO="MdlComp"/>
<CONNECTION FROM="Reg" TO="MdlComp"/>
<CONNECTION FROM="FIMPORT" TO="Part"/>
<CONNECTION FROM="FIMPORT" TO="GrfExpl"/>
<CONNECTION FROM="FIMPORT" TO="Stat"/>
<CONNECTION FROM="Trans" TO="Impt"/>
<CONNECTION FROM="Impt" TO="Varsel"/>
</CONNECTIONS>
<NOTES>
<DATA><![CDATA[

]]>
</DATA>
</NOTES>
</Workspace>
</_ROOT_>
